image_name,x_centers,y_centers,widths,heights
0.png,0.31005859375;0.50146484375;0.72119140625;0.59375;0.54150390625;0.8115234375;0.79541015625;0.1748046875;0.19384765625;0.46142578125;0.26708984375,0.67822265625;0.48779296875;0.86767578125;0.1611328125;0.73876953125;0.89453125;0.85400390625;0.52734375;0.24658203125;0.59521484375;0.6533203125,0.0576171875;0.0556640625;0.0556640625;0.0546875;0.0537109375;0.052734375;0.0517578125;0.05078125;0.0498046875;0.0498046875;0.0498046875,0.0576171875;0.0556640625;0.0556640625;0.0546875;0.0537109375;0.052734375;0.0517578125;0.05078125;0.0498046875;0.0498046875;0.048828125
1.png,0.31005859375;0.50146484375;0.72119140625;0.59375;0.54150390625;0.8115234375;0.79541015625;0.1748046875;0.19384765625;0.46142578125;0.26708984375,0.67822265625;0.48779296875;0.86767578125;0.1611328125;0.73876953125;0.89453125;0.85400390625;0.52734375;0.24658203125;0.59521484375;0.6533203125,0.0576171875;0.0556640625;0.0556640625;0.0546875;0.0537109375;0.052734375;0.0517578125;0.05078125;0.0498046875;0.0498046875;0.0498046875,0.0576171875;0.0556640625;0.0556640625;0.0546875;0.0537109375;0.052734375;0.0517578125;0.05078125;0.0498046875;0.0498046875;0.048828125
